-- DDL 관련 (기존 스키마 유지)
-- DROP/CREATE TABLE 및 CREATE TYPE 문은 이 스크립트 실행 이전에 이미 선언되었다고 가정합니다.

--------------------------------------------------------------------------------
-- 1. 사용자 (Users): 10개
--------------------------------------------------------------------------------

-- 기존 사용자 데이터 삭제 (중복 삽입 방지)

INSERT INTO users (id, email, nickname, password, created_at, updated_at)
VALUES ('10000000-0000-0000-0000-000000000001', 'user1@monew.com', '열혈독자', '$2a$10$encodedpassword1',
        NOW() - INTERVAL '10 day', NOW()),
       ('10000000-0000-0000-0000-000000000002', 'user2@monew.com', '뉴스킬러', '$2a$10$encodedpassword2',
        NOW() - INTERVAL '9 day', NOW()),
       ('10000000-0000-0000-0000-000000000003', 'user3@monew.com', '조용히읽음', '$2a$10$encodedpassword3',
        NOW() - INTERVAL '8 day', NOW()),
       ('10000000-0000-0000-0000-000000000004', 'user4@monew.com', '테스트계정4', '$2a$10$encodedpassword4',
        NOW() - INTERVAL '7 day', NOW()),
       ('10000000-0000-0000-0000-000000000005', 'user5@monew.com', '테스트계정5', '$2a$10$encodedpassword5',
        NOW() - INTERVAL '6 day', NOW()),
       ('10000000-0000-0000-0000-000000000006', 'user6@monew.com', '테스트계정6', '$2a$10$encodedpassword6',
        NOW() - INTERVAL '5 day', NOW()),
       ('10000000-0000-0000-0000-000000000007', 'user7@monew.com', '테스트계정7', '$2a$10$encodedpassword7',
        NOW() - INTERVAL '4 day', NOW()),
       ('10000000-0000-0000-0000-000000000008', 'user8@monew.com', '테스트계정8', '$2a$10$encodedpassword8',
        NOW() - INTERVAL '3 day', NOW()),
       ('10000000-0000-0000-0000-000000000009', 'user9@monew.com', '테스트계정9', '$2a$10$encodedpassword9',
        NOW() - INTERVAL '2 day', NOW()),
       ('10000000-0000-0000-0000-000000000010', 'user10@monew.com', '테스트계정10', '$2a$10$encodedpassword10',
        NOW() - INTERVAL '1 day', NOW());

--------------------------------------------------------------------------------
-- 2. 관심사 (Interests): 10개
--------------------------------------------------------------------------------

INSERT INTO interests (id, name, created_at, updated_at)
VALUES ('20000000-0000-0000-0000-000000000001', '기술/IT', NOW(), NOW()),
       ('20000000-0000-0000-0000-000000000002', '경제/금융', NOW(), NOW()),
       ('20000000-0000-0000-0000-000000000003', '정치/정책', NOW(), NOW()),
       ('20000000-0000-0000-0000-000000000004', '부동산', NOW(), NOW()),
       ('20000000-0000-0000-0000-000000000005', '사회/문화', NOW(), NOW()),
       ('20000000-0000-0000-0000-000000000006', '스포츠', NOW(), NOW()),
       ('20000000-0000-0000-0000-000000000007', '생활/건강', NOW(), NOW()),
       ('20000000-0000-0000-0000-000000000008', '세계/외신', NOW(), NOW()),
       ('20000000-0000-0000-0000-000000000009', '교육', NOW(), NOW()),
       ('20000000-0000-0000-0000-000000000010', '연예', NOW(), NOW());

--------------------------------------------------------------------------------
-- 3. 관심사 키워드 (Interest Keywords): 12개
--------------------------------------------------------------------------------

INSERT INTO interest_keywords (id, name, interest_id)
VALUES ('30000000-0000-0000-0000-000000000001', 'AI', '20000000-0000-0000-0000-000000000001'),
       ('30000000-0000-0000-0000-000000000002', '반도체', '20000000-0000-0000-0000-000000000001'),
       ('30000000-0000-0000-0000-000000000003', '금리', '20000000-0000-0000-0000-000000000002'),
       ('30000000-0000-0000-0000-000000000004', '주식', '20000000-0000-0000-0000-000000000002'),
       ('30000000-0000-0000-0000-000000000005', '국회', '20000000-0000-0000-0000-000000000003'),
       ('30000000-0000-0000-0000-000000000006', '총선', '20000000-0000-0000-0000-000000000003'),
       ('30000000-0000-0000-0000-000000000007', '청약', '20000000-0000-0000-0000-000000000004'),
       ('30000000-0000-0000-0000-000000000008', '전세', '20000000-0000-0000-0000-000000000004'),
       ('30000000-0000-0000-0000-000000000009', '여행', '20000000-0000-0000-0000-000000000005'),
       ('30000000-0000-0000-0000-000000000010', '월드컵', '20000000-0000-0000-0000-000000000006'),
       ('30000000-0000-0000-0000-000000000011', '건강보험', '20000000-0000-0000-0000-000000000007'),
       ('30000000-0000-0000-0000-000000000012', '국제분쟁', '20000000-0000-0000-0000-000000000008');

--------------------------------------------------------------------------------
-- 4. 기사 (Articles): 10개 (모든 필드 채움)
--------------------------------------------------------------------------------

INSERT INTO articles (id, source, source_url, title, publish_date, summary, created_at, updated_at)
VALUES
    -- 1 ~ 12 (기존 12개 유지)
    ('40000000-0000-0000-0000-000000000001', 'NAVER', 'http://naver.com/tech_ai_1', 'AI, 2025년 산업 지형 바꾼다',
     NOW() - INTERVAL '30 hour', '인공지능(AI) 기술이 2025년 산업 전반의 지형을 근본적으로 변화시킬 전망. 제조업과 금융 분야에서 혁신 두드러짐.', NOW(), NOW()),
    ('40000000-0000-0000-0000-000000000002', 'HANKYUNG', 'http://hankyung.com/finance_fed_2', '미국 연준, 금리 인상 속도 조절 가능성',
     NOW() - INTERVAL '29 hour', '미국 연방준비제도(Fed)의 최근 성명은 금리 인상 속도 조절 가능성을 시사. 금융 시장에 긍정적 신호로 작용.', NOW(), NOW()),
    ('40000000-0000-0000-0000-000000000003', 'CHOSUN', 'http://chosun.com/politics_assembly_3', '여야, 국회 일정 두고 막판 협상 돌입',
     NOW() - INTERVAL '28 hour', '여야가 국회 주요 일정과 법안 처리를 두고 막판 협상에 돌입. 쟁점을 둘러싼 이견 조율이 난항을 겪고 있다.', NOW(), NOW()),
    ('40000000-0000-0000-0000-000000000004', 'NAVER', 'http://naver.com/tech_chip_4', '차세대 반도체 기술, 한국이 세계 선도',
     NOW() - INTERVAL '27 hour', '시스템 반도체 분야에서 한국이 기술 경쟁력을 확보하며 세계 시장을 선도하기 위한 전략을 발표했다.', NOW(), NOW()),
    ('40000000-0000-0000-0000-000000000005', 'HANKYUNG', 'http://hankyung.com/stock_market_5',
     '코스피, 외국인 매수세에 힘입어 2600선 돌파', NOW() - INTERVAL '26 hour',
     '외국인 투자자들의 대규모 순매수세가 유입되며 코스피 지수가 2600선을 넘어섰다. 반도체, 자동차 업종이 상승을 주도.', NOW(), NOW()),
    ('40000000-0000-0000-0000-000000000006', 'CHOSUN', 'http://chosun.com/politics_election_6',
     '총선 D-30, 주요 정당 지지율 추이 공개', NOW() - INTERVAL '25 hour',
     '다음 총선을 30일 앞두고 주요 정당의 지지율 변동 추이가 발표되었다. 격전지에서의 표심 움직임이 주목된다.', NOW(), NOW()),
    ('40000000-0000-0000-0000-000000000007', 'YEONHAP', 'http://yeonhap.com/real_estate_7', '정부, 신규 부동산 청약 제도 개편 예고',
     NOW() - INTERVAL '24 hour', '정부가 무주택 실수요자 중심으로 부동산 청약 제도를 대폭 개편한다고 밝혔다. 주거 안정 도모가 목표.', NOW(), NOW()),
    ('40000000-0000-0000-0000-000000000008', 'NAVER', 'http://naver.com/social_travel_8', '위드 코로나 시대, 해외여행 수요 폭발적 증가',
     NOW() - INTERVAL '23 hour', '각국의 입국 규제가 완화되면서 억눌렸던 해외여행 수요가 폭발적으로 증가하는 양상을 보이고 있다.', NOW(), NOW()),
    ('40000000-0000-0000-0000-000000000009', 'HANKYUNG', 'http://hankyung.com/sports_worldcup_9',
     '월드컵 조별 예선, 한국팀 극적인 무승부', NOW() - INTERVAL '22 hour',
     '축구 월드컵 조별 예선 마지막 경기에서 한국팀이 극적인 동점골로 무승부를 기록하며 16강 진출 희망을 이어갔다.', NOW(), NOW()),
    ('40000000-0000-0000-0000-000000000010', 'CHOSUN', 'http://chosun.com/health_insurance_10',
     '건강보험료 개편, 지역가입자 부담 완화될까?', NOW() - INTERVAL '21 hour',
     '정부가 지역가입자의 부담을 완화하기 위한 건강보험료 부과 체계 개편안을 논의 중이다. 11월 최종 발표 예정.', NOW(), NOW()),
    ('40000000-0000-0000-0000-000000000011', 'YEONHAP', 'http://yeonhap.com/real_estate_11', '정부, 전세사기 근절을 위한 특별 대책 발표',
     NOW() - INTERVAL '20 hour', '최근 증가하는 전세 사기 피해를 막기 위해 정부가 관계 부처 합동으로 강력한 규제 및 피해자 보호 대책을 내놓았다.', NOW(), NOW()),
    ('40000000-0000-0000-0000-000000000012', 'CHOSUN', 'http://chosun.com/world_conflict_12',
     '중동 지역 국제분쟁, 유가 급등세 심화 우려', NOW() - INTERVAL '19 hour',
     '중동 지역에서 발생한 국제 분쟁이 장기화 조짐을 보이면서 국제 유가가 급등하고 있다. 세계 경제에 미치는 영향 분석.', NOW(), NOW()),

    -- 13 ~ 30 (새로 추가되는 18개 기사)
    ('40000000-0000-0000-0000-000000000013', 'NAVER', 'http://naver.com/tech_ai_13', 'AI 칩 개발 경쟁 가속화, 한국 반도체 미래',
     NOW() - INTERVAL '18 hour', '글로벌 빅테크 기업들이 AI 학습용 반도체 칩 개발에 막대한 투자를 이어가며 기술 주도권 싸움을 벌이고 있다.', NOW(), NOW()),
    ('40000000-0000-0000-0000-000000000014', 'HANKYUNG', 'http://hankyung.com/finance_fed_14',
     '파월 의장 발언, 금리 동결 가능성에 무게 실리나', NOW() - INTERVAL '17 hour',
     '미국 중앙은행 총재의 신중한 발언이 시장에 전달되면서, 당분간 기준 금리가 동결될 가능성이 높다는 분석이 나온다.', NOW(), NOW()),
    ('40000000-0000-0000-0000-000000000015', 'CHOSUN', 'http://chosun.com/politics_assembly_15',
     '국회, 민생 법안 통과를 위한 여야 간 총선 전 합의', NOW() - INTERVAL '16 hour',
     '총선을 앞두고 국회에서 민생 경제 활성화를 위한 주요 법안들을 합의 처리할 움직임을 보이고 있다.', NOW(), NOW()),
    ('40000000-0000-0000-0000-000000000016', 'YEONHAP', 'http://yeonhap.com/real_estate_16',
     '부동산 시장 불안 심화, 전세가와 청약 경쟁률 동반 상승', NOW() - INTERVAL '15 hour',
     '최근 주택 담보 대출 금리 하락으로 인해 전세 수요가 매매 수요로 전환되며 전세가와 청약 경쟁률이 동시에 오르고 있다.', NOW(), NOW()),
    ('40000000-0000-0000-0000-000000000017', 'HANKYUNG', 'http://hankyung.com/stock_market_17',
     '개미 투자자, 대규모 주식 매도 후 해외로 눈 돌려', NOW() - INTERVAL '14 hour',
     '국내 주식 시장의 불확실성이 커지면서 개인 투자자들이 주식을 정리하고 해외 시장의 고배당주로 자금을 옮기는 현상이 포착됐다.', NOW(), NOW()),
    ('40000000-0000-0000-0000-000000000018', 'NAVER', 'http://naver.com/tech_ai_18', '챗봇 기반 AI 서비스, 사용자 경험 혁신 선도',
     NOW() - INTERVAL '13 hour', '대화형 인공지능(AI) 기술이 쇼핑, 금융, 교육 등 다양한 분야에서 고객 상담을 자동화하며 혁신적인 경험을 제공하고 있다.', NOW(), NOW()),
    ('40000000-0000-0000-0000-000000000019', 'CHOSUN', 'http://chosun.com/social_worldcup_19',
     '월드컵 개최지 방문 특수, 여행 업계 회복 기대감', NOW() - INTERVAL '12 hour',
     '다가오는 월드컵과 연휴를 맞아 축구 팬들의 개최지 방문이 예상되면서 여행사들이 관련 상품을 대거 출시하고 있다.', NOW(), NOW()),
    ('40000000-0000-0000-0000-000000000020', 'CHOSUN', 'http://chosun.com/health_insurance_20',
     '건강보험 보장성 강화, 필수 의료 분야 지원 확대', NOW() - INTERVAL '11 hour',
     '정부가 건강보험 재정 건전성을 확보하면서도 국민 필수 의료 분야의 보장성을 지속적으로 확대해 나갈 계획이다.', NOW(), NOW()),
    ('40000000-0000-0000-0000-000000000021', 'YEONHAP', 'http://yeonhap.com/world_conflict_21',
     'OO 지역 국제분쟁, 평화 협상 타결 임박 소식', NOW() - INTERVAL '10 hour',
     '수개월간 이어진 국제 분쟁 당사국들이 극적인 평화 협상에 진전을 보이며 타결이 임박했다는 소식이 전해졌다.', NOW(), NOW()),
    ('40000000-0000-0000-0000-000000000022', 'NAVER', 'http://naver.com/tech_chip_22', '글로벌 반도체 공급망 재편 움직임 포착',
     NOW() - INTERVAL '9 hour', '미-중 갈등 심화로 인해 전 세계 반도체 생산 및 유통 공급망이 재편되는 움직임을 보이며, 국내 기업들의 대응 전략이 주목된다.', NOW(),
     NOW()),
    ('40000000-0000-0000-0000-000000000023', 'HANKYUNG', 'http://hankyung.com/finance_stock_23',
     '금리 인하 기대감에 주식 시장 상승세 탄력', NOW() - INTERVAL '8 hour',
     '주요 국가의 인플레이션 완화 조짐에 따라 금리 인하 기대감이 높아지면서 주식 시장의 상승세가 더욱 탄력을 받고 있다.', NOW(), NOW()),
    ('40000000-0000-0000-0000-000000000024', 'CHOSUN', 'http://chosun.com/politics_assembly_24', '국회, 신산업 육성 특별법 최종 통과',
     NOW() - INTERVAL '7 hour', '미래 성장 동력 확보를 위한 국회 차원의 신산업 육성 특별법이 우여곡절 끝에 최종 통과되었다.', NOW(), NOW()),
    ('40000000-0000-0000-0000-000000000025', 'YEONHAP', 'http://yeonhap.com/real_estate_25',
     '전세 사기 예방을 위한 정부 정책, 실효성 논란', NOW() - INTERVAL '6 hour',
     '정부가 발표한 전세 사기 대책이 피해자 구제보다는 사후 처리에 초점을 맞췄다는 비판과 함께 실효성 논란이 일고 있다.', NOW(), NOW()),
    ('40000000-0000-0000-0000-000000000026', 'NAVER', 'http://naver.com/social_travel_26', '가을 맞이 국내 여행지 추천 Top 5',
     NOW() - INTERVAL '5 hour', '단풍이 절정을 이루는 가을을 맞아 국내 인기 여행지 5곳을 엄선하여 추천하는 기사.', NOW(), NOW()),
    ('40000000-0000-0000-0000-000000000027', 'CHOSUN', 'http://chosun.com/politics_election_27',
     '총선 판세 분석, 캐스팅보트를 쥔 2030 세대', NOW() - INTERVAL '4 hour',
     '다가오는 총선에서 2030 젊은 세대의 투표율과 표심이 전체 판세를 좌우하는 캐스팅보트 역할을 할 것으로 분석된다.', NOW(), NOW()),
    ('40000000-0000-0000-0000-000000000028', 'HANKYUNG', 'http://hankyung.com/tech_ai_28',
     'AI 윤리 가이드라인 제정 추진, 기술 발전의 그림자', NOW() - INTERVAL '3 hour',
     '인공지능 기술의 급속한 발전과 함께 발생할 수 있는 부작용을 막기 위해 정부 차원의 AI 윤리 가이드라인 제정이 추진된다.', NOW(), NOW()),
    ('40000000-0000-0000-0000-000000000029', 'YEONHAP', 'http://yeonhap.com/sports_health_29',
     '스포츠 스타들의 건강 관리 비결, 월드컵 기간 중 부상 예방', NOW() - INTERVAL '2 hour',
     '전문가들이 월드컵과 같은 격렬한 스포츠 경기 기간 중 선수들의 부상 예방을 위한 건강 관리 비결을 공개했다.', NOW(), NOW()),
    ('40000000-0000-0000-0000-000000000030', 'CHOSUN', 'http://chosun.com/world_travel_30', '국제분쟁으로 인한 여행 경보 발령 지역 확대',
     NOW() - INTERVAL '1 hour', '최근 OO 지역의 국제 분쟁 심화로 인해 해당 지역으로의 여행 경보 단계가 상향 조정되었다. 여행객들의 주의가 요구된다.', NOW(), NOW());

--------------------------------------------------------------------------------
-- 5. 기사 - 관심사 (Article Interests): 15개
--------------------------------------------------------------------------------

INSERT INTO article_interests (id, article_id, interest_id, created_at)
VALUES ('50000000-0000-0000-0000-000000000001', '40000000-0000-0000-0000-000000000001',
        '20000000-0000-0000-0000-000000000001', NOW()), -- 1-기술/IT
       ('50000000-0000-0000-0000-000000000002', '40000000-0000-0000-0000-000000000001',
        '20000000-0000-0000-0000-000000000002', NOW()), -- 1-경제/금융
       ('50000000-0000-0000-0000-000000000003', '40000000-0000-0000-0000-000000000002',
        '20000000-0000-0000-0000-000000000002', NOW()), -- 2-경제/금융
       ('50000000-0000-0000-0000-000000000004', '40000000-0000-0000-0000-000000000003',
        '20000000-0000-0000-0000-000000000003', NOW()), -- 3-정치/정책
       ('50000000-0000-0000-0000-000000000005', '40000000-0000-0000-0000-000000000004',
        '20000000-0000-0000-0000-000000000001', NOW()), -- 4-기술/IT
       ('50000000-0000-0000-0000-000000000006', '40000000-0000-0000-0000-000000000005',
        '20000000-0000-0000-0000-000000000002', NOW()), -- 5-경제/금융
       ('50000000-0000-0000-0000-000000000007', '40000000-0000-0000-0000-000000000006',
        '20000000-0000-0000-0000-000000000003', NOW()), -- 6-정치/정책
       ('50000000-0000-0000-0000-000000000008', '40000000-0000-0000-0000-000000000007',
        '20000000-0000-0000-0000-000000000004', NOW()), -- 7-부동산
       ('50000000-0000-0000-0000-000000000009', '40000000-0000-0000-0000-000000000008',
        '20000000-0000-0000-0000-000000000005', NOW()), -- 8-사회/문화
       ('50000000-0000-0000-0000-000000000010', '40000000-0000-0000-0000-000000000009',
        '20000000-0000-0000-0000-000000000006', NOW()), -- 9-스포츠
       ('50000000-0000-0000-0000-000000000011', '40000000-0000-0000-0000-000000000010',
        '20000000-0000-0000-0000-000000000007', NOW()), -- 10-생활/건강
       -- 중복 관심사
       ('50000000-0000-0000-0000-000000000012', '40000000-0000-0000-0000-000000000002',
        '20000000-0000-0000-0000-000000000008', NOW()), -- 2-세계/외신
       ('50000000-0000-0000-0000-000000000013', '40000000-0000-0000-0000-000000000003',
        '20000000-0000-0000-0000-000000000008', NOW()), -- 3-세계/외신
       ('50000000-0000-0000-0000-000000000014', '40000000-0000-0000-0000-000000000005',
        '20000000-0000-0000-0000-000000000004', NOW()), -- 5-부동산
       ('50000000-0000-0000-0000-000000000015', '40000000-0000-0000-0000-000000000007',
        '20000000-0000-0000-0000-000000000002', NOW());
-- 7-경제/금융

--------------------------------------------------------------------------------
-- 6. 구독 (Subscriptions): 15개
--------------------------------------------------------------------------------

INSERT INTO subscriptions (id, user_id, interest_id, created_at)
VALUES ('60000000-0000-0000-0000-000000000001', '10000000-0000-0000-0000-000000000001',
        '20000000-0000-0000-0000-000000000001', NOW()), -- user1: 기술/IT
       ('60000000-0000-0000-0000-000000000002', '10000000-0000-0000-0000-000000000001',
        '20000000-0000-0000-0000-000000000002', NOW()), -- user1: 경제/금융
       ('60000000-0000-0000-0000-000000000003', '10000000-0000-0000-0000-000000000002',
        '20000000-0000-0000-0000-000000000002', NOW()), -- user2: 경제/금융
       ('60000000-0000-0000-0000-000000000004', '10000000-0000-0000-0000-000000000003',
        '20000000-0000-0000-0000-000000000003', NOW()), -- user3: 정치/정책
       ('60000000-0000-0000-0000-000000000005', '10000000-0000-0000-0000-000000000004',
        '20000000-0000-0000-0000-000000000001', NOW()), -- user4: 기술/IT
       ('60000000-0000-0000-0000-000000000006', '10000000-0000-0000-0000-000000000005',
        '20000000-0000-0000-0000-000000000004', NOW()), -- user5: 부동산
       ('60000000-0000-0000-0000-000000000007', '10000000-0000-0000-0000-000000000006',
        '20000000-0000-0000-0000-000000000005', NOW()), -- user6: 사회/문화
       ('60000000-0000-0000-0000-000000000008', '10000000-0000-0000-0000-000000000007',
        '20000000-0000-0000-0000-000000000006', NOW()), -- user7: 스포츠
       ('60000000-0000-0000-0000-000000000009', '10000000-0000-0000-0000-000000000008',
        '20000000-0000-0000-0000-000000000007', NOW()), -- user8: 생활/건강
       ('60000000-0000-0000-0000-000000000010', '10000000-0000-0000-0000-000000000009',
        '20000000-0000-0000-0000-000000000008', NOW()), -- user9: 세계/외신
       ('60000000-0000-0000-0000-000000000011', '10000000-0000-0000-0000-000000000010',
        '20000000-0000-0000-0000-000000000009', NOW()), -- user10: 교육
       ('60000000-0000-0000-0000-000000000012', '10000000-0000-0000-0000-000000000001',
        '20000000-0000-0000-0000-000000000005', NOW()), -- user1: 사회/문화 (추가)
       ('60000000-0000-0000-0000-000000000013', '10000000-0000-0000-0000-000000000002',
        '20000000-0000-0000-0000-000000000003', NOW()), -- user2: 정치/정책 (추가)
       ('60000000-0000-0000-0000-000000000014', '10000000-0000-0000-0000-000000000003',
        '20000000-0000-0000-0000-000000000001', NOW()), -- user3: 기술/IT (추가)
       ('60000000-0000-0000-0000-000000000015', '10000000-0000-0000-0000-000000000004',
        '20000000-0000-0000-0000-000000000004', NOW());
-- user4: 부동산 (추가)

--------------------------------------------------------------------------------
-- 7. 기사 조회 (Article Views): 15개
--------------------------------------------------------------------------------


INSERT INTO article_views (id, article_id, user_id, created_at)
VALUES ('70000000-0000-0000-0000-000000000001', '40000000-0000-0000-0000-000000000001',
        '10000000-0000-0000-0000-000000000001', NOW()), -- user1: AI
       ('70000000-0000-0000-0000-000000000002', '40000000-0000-0000-0000-000000000001',
        '10000000-0000-0000-0000-000000000002', NOW()), -- user2: AI
       ('70000000-0000-0000-0000-000000000003', '40000000-0000-0000-0000-000000000002',
        '10000000-0000-0000-0000-000000000001', NOW()), -- user1: 금리
       ('70000000-0000-0000-0000-000000000004', '40000000-0000-0000-0000-000000000003',
        '10000000-0000-0000-0000-000000000003', NOW()), -- user3: 국회
       ('70000000-0000-0000-0000-000000000005', '40000000-0000-0000-0000-000000000004',
        '10000000-0000-0000-0000-000000000004', NOW()), -- user4: 반도체
       ('70000000-0000-0000-0000-000000000006', '40000000-0000-0000-0000-000000000005',
        '10000000-0000-0000-0000-000000000005', NOW()), -- user5: 주식
       ('70000000-0000-0000-0000-000000000007', '40000000-0000-0000-0000-000000000006',
        '10000000-0000-0000-0000-000000000006', NOW()), -- user6: 총선
       ('70000000-0000-0000-0000-000000000008', '40000000-0000-0000-0000-000000000007',
        '10000000-0000-0000-0000-000000000007', NOW()), -- user7: 청약
       ('70000000-0000-0000-0000-000000000009', '40000000-0000-0000-0000-000000000008',
        '10000000-0000-0000-0000-000000000008', NOW()), -- user8: 여행
       ('70000000-0000-0000-0000-000000000010', '40000000-0000-0000-0000-000000000009',
        '10000000-0000-0000-0000-000000000009', NOW()), -- user9: 월드컵
       ('70000000-0000-0000-0000-000000000011', '40000000-0000-0000-0000-000000000010',
        '10000000-0000-0000-0000-000000000010', NOW()), -- user10: 건강보험
       ('70000000-0000-0000-0000-000000000012', '40000000-0000-0000-0000-000000000001',
        '10000000-0000-0000-0000-000000000003', NOW()), -- user3: AI
       ('70000000-0000-0000-0000-000000000013', '40000000-0000-0000-0000-000000000002',
        '10000000-0000-0000-0000-000000000004', NOW()), -- user4: 금리
       ('70000000-0000-0000-0000-000000000014', '40000000-0000-0000-0000-000000000004',
        '10000000-0000-0000-0000-000000000002', NOW()), -- user2: 반도체
       ('70000000-0000-0000-0000-000000000015', '40000000-0000-0000-0000-000000000005',
        '10000000-0000-0000-0000-000000000001', NOW());
-- user1: 주식

--------------------------------------------------------------------------------
-- 8. 댓글 (Comments): 10개
--------------------------------------------------------------------------------


INSERT INTO comments (id, article_id, user_id, content, created_at, updated_at)
VALUES ('80000000-0000-0000-0000-000000000001', '40000000-0000-0000-0000-000000000001',
        '10000000-0000-0000-0000-000000000002', 'AI가 정말 세상을 바꾸겠네요. 기대됩니다.', NOW() - INTERVAL '30 min', NOW()),
       ('80000000-0000-0000-0000-000000000002', '40000000-0000-0000-0000-000000000001',
        '10000000-0000-0000-0000-000000000001', '요약이 잘 되어있어 핵심 파악하기 좋았습니다.', NOW() - INTERVAL '25 min', NOW()),
       ('80000000-0000-0000-0000-000000000003', '40000000-0000-0000-0000-000000000002',
        '10000000-0000-0000-0000-000000000003', '금리 인상 속도 조절은 좋은 소식이네요.', NOW() - INTERVAL '20 min', NOW()),
       ('80000000-0000-0000-0000-000000000004', '40000000-0000-0000-0000-000000000003',
        '10000000-0000-0000-0000-000000000004', '정치 기사는 늘 어렵네요.', NOW() - INTERVAL '15 min', NOW()),
       ('80000000-0000-0000-0000-000000000005', '40000000-0000-0000-0000-000000000004',
        '10000000-0000-0000-0000-000000000005', '반도체 강국 파이팅!', NOW() - INTERVAL '10 min', NOW()),
       ('80000000-0000-0000-0000-000000000006', '40000000-0000-0000-0000-000000000005',
        '10000000-0000-0000-0000-000000000006', '주식 시장이 드디어 살아나나 봅니다.', NOW() - INTERVAL '5 min', NOW()),
       ('80000000-0000-0000-0000-000000000007', '40000000-0000-0000-0000-000000000007',
        '10000000-0000-0000-0000-000000000007', '청약 제도 개편이 기대됩니다.', NOW(), NOW()),
       ('80000000-0000-0000-0000-000000000008', '40000000-0000-0000-0000-000000000008',
        '10000000-0000-0000-0000-000000000008', '여행 가고 싶네요!', NOW(), NOW()),
       ('80000000-0000-0000-0000-000000000009', '40000000-0000-0000-0000-000000000009',
        '10000000-0000-0000-0000-000000000009', '극적인 무승부라니, 감동적이네요.', NOW(), NOW()),
       ('80000000-0000-0000-0000-000000000010', '40000000-0000-0000-0000-000000000010',
        '10000000-0000-0000-0000-000000000010', '건강보험료 부담이 줄어들길 바랍니다.', NOW(), NOW());

--------------------------------------------------------------------------------
-- 9. 댓글 좋아요 (Comment Likes): 10개
--------------------------------------------------------------------------------

INSERT INTO comment_likes (id, comment_id, user_id, created_at)
VALUES ('90000000-0000-0000-0000-000000000001', '80000000-0000-0000-0000-000000000001',
        '10000000-0000-0000-0000-000000000003', NOW()), -- user3 -> comment1
       ('90000000-0000-0000-0000-000000000002', '80000000-0000-0000-0000-000000000001',
        '10000000-0000-0000-0000-000000000004', NOW()), -- user4 -> comment1
       ('90000000-0000-0000-0000-000000000003', '80000000-0000-0000-0000-000000000002',
        '10000000-0000-0000-0000-000000000005', NOW()), -- user5 -> comment2
       ('90000000-0000-0000-0000-000000000004', '80000000-0000-0000-0000-000000000003',
        '10000000-0000-0000-0000-000000000006', NOW()), -- user6 -> comment3
       ('90000000-0000-0000-0000-000000000005', '80000000-0000-0000-0000-000000000004',
        '10000000-0000-0000-0000-000000000007', NOW()), -- user7 -> comment4
       ('90000000-0000-0000-0000-000000000006', '80000000-0000-0000-0000-000000000005',
        '10000000-0000-0000-0000-000000000008', NOW()), -- user8 -> comment5
       ('90000000-0000-0000-0000-000000000007', '80000000-0000-0000-0000-000000000006',
        '10000000-0000-0000-0000-000000000009', NOW()), -- user9 -> comment6
       ('90000000-0000-0000-0000-000000000008', '80000000-0000-0000-0000-000000000007',
        '10000000-0000-0000-0000-000000000010', NOW()), -- user10 -> comment7
       ('90000000-0000-0000-0000-000000000009', '80000000-0000-0000-0000-000000000008',
        '10000000-0000-0000-0000-000000000001', NOW()), -- user1 -> comment8
       ('90000000-0000-0000-0000-000000000010', '80000000-0000-0000-0000-000000000009',
        '10000000-0000-0000-0000-000000000002', NOW());
-- user2 -> comment9

--------------------------------------------------------------------------------
-- 10. 알림 (Notifications): 10개
--------------------------------------------------------------------------------

INSERT INTO notifications (id, confirmed, user_id, content, resource_type, resource_id, created_at, updated_at)
VALUES ('a0000000-0000-0000-0000-000000000001', FALSE, '10000000-0000-0000-0000-000000000001',
        '구독한 기술/IT 분야에 새 기사가 등록되었습니다.', 'interest', '40000000-0000-0000-0000-000000000004', NOW() - INTERVAL '1 hour',
        NOW()),
       ('a0000000-0000-0000-0000-000000000002', TRUE, '10000000-0000-0000-0000-000000000001', '댓글에 좋아요가 달렸습니다.',
        'comment', '80000000-0000-0000-0000-000000000002', NOW() - INTERVAL '30 min', NOW()),
       ('a0000000-0000-0000-0000-000000000003', FALSE, '10000000-0000-0000-0000-000000000002',
        '구독한 경제/금융 분야에 새 기사가 등록되었습니다.', 'interest', '40000000-0000-0000-0000-000000000005', NOW() - INTERVAL '20 min',
        NOW()),
       ('a0000000-0000-0000-0000-000000000004', FALSE, '10000000-0000-0000-0000-000000000003', '댓글에 좋아요가 달렸습니다.',
        'comment', '80000000-0000-0000-0000-000000000001', NOW() - INTERVAL '15 min', NOW()),
       ('a0000000-0000-0000-0000-000000000005', TRUE, '10000000-0000-0000-0000-000000000004',
        '구독한 기술/IT 분야에 새 기사가 등록되었습니다.', 'interest', '40000000-0000-0000-0000-000000000001', NOW() - INTERVAL '10 min',
        NOW()),
       ('a0000000-0000-0000-0000-000000000006', FALSE, '10000000-0000-0000-0000-000000000005',
        '구독한 부동산 분야에 새 기사가 등록되었습니다.', 'interest', '40000000-0000-0000-0000-000000000007', NOW() - INTERVAL '5 min',
        NOW()),
       ('a0000000-0000-0000-0000-000000000007', FALSE, '10000000-0000-0000-0000-000000000006', '댓글에 좋아요가 달렸습니다.',
        'comment', '80000000-0000-0000-0000-000000000004', NOW() - INTERVAL '3 min', NOW()),
       ('a0000000-0000-0000-0000-000000000008', FALSE, '10000000-0000-0000-0000-000000000007',
        '구독한 스포츠 분야에 새 기사가 등록되었습니다.', 'interest', '40000000-0000-0000-0000-000000000009', NOW() - INTERVAL '2 min',
        NOW()),
       ('a0000000-0000-0000-0000-000000000009', FALSE, '10000000-0000-0000-0000-000000000008',
        '구독한 생활/건강 분야에 새 기사가 등록되었습니다.', 'interest', '40000000-0000-0000-0000-000000000010', NOW() - INTERVAL '1 min',
        NOW()),
       ('a0000000-0000-0000-0000-000000000010', FALSE, '10000000-0000-0000-0000-000000000009', '댓글에 좋아요가 달렸습니다.',
        'comment', '80000000-0000-0000-0000-000000000007', NOW(), NOW());



SELECT title,
       summary,
       source_url,
       publish_date
FROM articles
WHERE title IN (
                '미국 연준, 금리 인상 속도 조절 가능성',
                '파월 의장 발언, 금리 동결 가능성에 무게 실리나',
                '금리 인하 기대감에 주식 시장 상승세 탄력'
    );